{"_step":1022,"ppl":1.0000442266464233,"_runtime":28.307709208,"_wandb":{"runtime":28},"cuda_vram_allocated":13.059348583221436,"latency":0.02464747428894043,"_timestamp":1.7306272865314047e+09,"overall_ppl":5.674022197723389,"nll":4.4225667807040736e-05}