{"latency":0.04632258415222168,"_step":5661,"ppl":3587.81591796875,"overall_ppl":29.517620086669922,"_runtime":277.807488372,"nll":8.185298919677734,"cuda_vram_allocated":12.684744358062744,"_timestamp":1.7306894700854251e+09,"_wandb":{"runtime":277}}