{"overall_ppl":7.064131736755371,"cuda_vram_allocated":12.684622287750244,"nll":1.5848997831344604,"ppl":4.878802299499512,"_runtime":8.442920833,"latency":0.03961586952209473,"_wandb":{"runtime":8},"_timestamp":1.7306413138160925e+09,"_step":255}