{"overall_ppl":22.014772415161133,"latency":0.04456901550292969,"_wandb":{"runtime":12},"_step":324,"ppl":87.7398452758789,"cuda_vram_allocated":12.684706211090088,"_runtime":12.033895017,"_timestamp":1.7306889879734561e+09,"nll":4.474376201629639}