{"nll":0.007888591848313808,"overall_ppl":5.733841419219971,"latency":0.045697689056396484,"_timestamp":1.730690291171825e+09,"_step":862,"_wandb":{"runtime":32},"ppl":1.0079197883605957,"cuda_vram_allocated":12.809950351715088,"_runtime":32.10842094}