{"ppl":1.0005180835723877,"latency":0.023252248764038086,"overall_ppl":7.585542678833008,"cuda_vram_allocated":12.621421337127686,"_step":126,"_timestamp":1.7306399364034288e+09,"_runtime":5.37194133,"_wandb":{"runtime":5},"nll":0.0005179494037292898}