{"_runtime":294.31546744,"_wandb":{"runtime":294},"latency":0.04296064376831055,"_timestamp":1.7306927568886828e+09,"nll":NaN,"ppl":NaN,"_step":8191,"overall_ppl":NaN,"cuda_vram_allocated":16.559348583221436}