{"nll":0.026415742933750153,"overall_ppl":5.54910945892334,"latency":0.348388671875,"ppl":1.0267677307128906,"_step":1157,"_timestamp":1.7306277372631094e+09,"cuda_vram_allocated":10.931333065032959,"_wandb":{"runtime":387},"_runtime":387.640705636}