{"latency":0.023346662521362305,"_runtime":5.173995147,"_step":126,"overall_ppl":7.585542678833008,"_timestamp":1.73063990406579e+09,"ppl":1.0005180835723877,"cuda_vram_allocated":12.621421337127686,"nll":0.0005179494037292898,"_wandb":{"runtime":5}}