{"nll":4.4225667807040736e-05,"latency":0.024486303329467773,"_runtime":29.590535941,"_step":1022,"overall_ppl":5.674022197723389,"cuda_vram_allocated":13.059348583221436,"_timestamp":1.7306279377614326e+09,"_wandb":{"runtime":51},"ppl":1.0000442266464233}