{"overall_ppl":5.674022197723389,"_step":1022,"latency":0.02443552017211914,"ppl":1.0000442266464233,"cuda_vram_allocated":13.059348583221436,"_wandb":{"runtime":94},"_runtime":29.808038255,"_timestamp":1.730627831176182e+09,"nll":4.4225667807040736e-05}