{"overall_ppl":5.822817802429199,"latency":0.059655189514160156,"_runtime":438.563478119,"_step":8191,"_wandb":{"runtime":438},"ppl":1.0301893949508667,"cuda_vram_allocated":13.561304092407227,"_timestamp":1.7306932248402479e+09,"nll":0.029742663726210594}