{"ppl":8.120944023132324,"_step":8191,"overall_ppl":7.881783485412598,"_timestamp":1.730694883539804e+09,"_wandb":{"runtime":363},"latency":0.0549769401550293,"nll":2.0944464206695557,"cuda_vram_allocated":14.563252925872803,"_runtime":363.805341779}