{"_runtime":346.281485572,"nll":0.03007424995303154,"ppl":1.0305310487747192,"_step":8191,"overall_ppl":6.599761009216309,"latency":0.03181862831115723,"cuda_vram_allocated":12.684667110443115,"_timestamp":1.7306489926622362e+09,"_wandb":{"runtime":346}}