{"ppl":NaN,"nll":NaN,"_runtime":300.786674004,"_step":6413,"_timestamp":1.7306901058543558e+09,"_wandb":{"runtime":300},"cuda_vram_allocated":12.684744358062744,"latency":0.04580545425415039,"overall_ppl":NaN}