{"_runtime":8.29249621,"_step":254,"_timestamp":1.730639699023137e+09,"nll":0.22065412998199463,"latency":0.023518800735473633,"_wandb":{"runtime":8},"cuda_vram_allocated":12.68444013595581,"ppl":1.2468920946121216,"overall_ppl":7.074392318725586}