{"_runtime":45.863538951,"nll":2.421717643737793,"_step":68,"overall_ppl":8.208592414855957,"cuda_vram_allocated":7.448336124420166,"_timestamp":1.7306893974567854e+09,"latency":0.621168851852417,"ppl":11.265192985534668,"_wandb":{"runtime":46}}