{"_runtime":261.698233093,"ppl":919.3917846679688,"latency":0.04658055305480957,"nll":6.823712348937988,"cuda_vram_allocated":12.6847825050354,"_step":5576,"overall_ppl":NaN,"_wandb":{"runtime":261},"_timestamp":1.730690833085035e+09}