{"cuda_vram_allocated":12.684744358062744,"latency":0.044692277908325195,"overall_ppl":480.4612121582031,"_runtime":24.117529153,"nll":10.361891746520996,"_wandb":{"runtime":24},"_step":590,"ppl":31630.962890625,"_timestamp":1.730688836329107e+09}