{"_runtime":15.028864797,"cuda_vram_allocated":12.80956220626831,"nll":4.188458442687988,"ppl":65.92109680175781,"overall_ppl":6.3616485595703125,"_timestamp":1.730641440784224e+09,"_step":510,"_wandb":{"runtime":15},"latency":0.024024486541748047}