{"latency":0.031070470809936523,"_runtime":257.474049459,"_step":8191,"cuda_vram_allocated":12.684667110443115,"_wandb":{"runtime":257},"_timestamp":1.730641747731804e+09,"nll":0.03007424995303154,"ppl":1.0305310487747192,"overall_ppl":6.599761009216309}