{"_step":8191,"cuda_vram_allocated":13.060323238372803,"_runtime":359.109376911,"_timestamp":1.7306277259140568e+09,"overall_ppl":NaN,"latency":0.04605293273925781,"nll":NaN,"ppl":NaN,"_wandb":{"runtime":359}}