{"_wandb":{"runtime":261},"latency":0.031198740005493164,"overall_ppl":7.170697212219238,"_step":8191,"_timestamp":1.730640537375154e+09,"nll":0.028847316280007362,"ppl":1.029267430305481,"cuda_vram_allocated":12.621968746185303,"_runtime":261.254593807}