{"overall_ppl":96.7350845336914,"_timestamp":1.730640214067353e+09,"latency":0.046799421310424805,"nll":6.3892927169799805,"cuda_vram_allocated":12.62196969985962,"ppl":595.435302734375,"_wandb":{"runtime":91},"_step":2071,"_runtime":91.446226033}