{"ppl":8.120944023132324,"_runtime":544.916698262,"nll":2.0944464206695557,"_step":8191,"latency":0.09839415550231934,"_wandb":{"runtime":544},"cuda_vram_allocated":14.563261032104492,"overall_ppl":7.881783485412598,"_timestamp":1.7306944736296937e+09}