{"_runtime":317.538438783,"_step":8191,"ppl":1.0301893949508667,"_timestamp":1.7306935744420118e+09,"overall_ppl":5.822817802429199,"cuda_vram_allocated":13.561299800872803,"latency":0.04021716117858887,"nll":0.029742663726210594,"_wandb":{"runtime":317}}