{"_timestamp":1.730688896693147e+09,"ppl":18739.455078125,"_step":397,"cuda_vram_allocated":12.684744358062744,"_wandb":{"runtime":14},"latency":0.04379677772521973,"_runtime":14.942424367,"overall_ppl":103.01139068603516,"nll":9.838386535644531}