{"_runtime":131.511160212,"ppl":10346.7197265625,"_timestamp":1.7306410186340072e+09,"_wandb":{"runtime":131},"nll":9.244424819946289,"overall_ppl":15.608830451965332,"_step":3066,"latency":0.04422712326049805,"cuda_vram_allocated":12.809950828552246}