{"_runtime":10.213736771,"_step":295,"nll":2.96539568901062,"_wandb":{"runtime":10},"ppl":19.402379989624023,"cuda_vram_allocated":12.704185009002686,"_timestamp":1.7306877669039435e+09,"latency":0.02465033531188965,"overall_ppl":6.311500072479248}