{"_step":776,"_runtime":31.778484775,"overall_ppl":6.636393070220947,"cuda_vram_allocated":12.684743404388428,"nll":2.97275447845459,"latency":0.04176664352416992,"ppl":19.545682907104492,"_wandb":{"runtime":31},"_timestamp":1.730628009630671e+09}