{"_step":8191,"_wandb":{"runtime":273},"cuda_vram_allocated":13.060323238372803,"_timestamp":1.7306882534311137e+09,"nll":0.03539672866463661,"overall_ppl":5.913721561431885,"latency":0.033293962478637695,"_runtime":273.016203801,"ppl":1.036030650138855}