{"_timestamp":1.7306897922979128e+09,"latency":0.03086686134338379,"nll":0.03007424995303154,"_wandb":{"runtime":257},"overall_ppl":6.599761009216309,"_runtime":257.374009123,"_step":8191,"ppl":1.0305310487747192,"cuda_vram_allocated":12.684667110443115}