{"_wandb":{"runtime":133},"_runtime":133.609202931,"_step":3044,"overall_ppl":5.888976573944092,"ppl":1.148643970489502,"latency":0.04569363594055176,"nll":0.13858209550380707,"cuda_vram_allocated":12.809874534606934,"_timestamp":1.7306915083416696e+09}