{"cuda_vram_allocated":16.559348583221436,"latency":0.042986392974853516,"overall_ppl":NaN,"_wandb":{"runtime":294},"_timestamp":1.7306939009093568e+09,"_runtime":294.979964934,"ppl":NaN,"_step":8191,"nll":NaN}