{"overall_ppl":402.4978332519531,"cuda_vram_allocated":12.684743404388428,"_runtime":245.218660808,"_timestamp":1.7306272462232258e+09,"_wandb":{"runtime":245},"nll":13.18691349029541,"ppl":533339.5,"_step":5471,"latency":0.04528927803039551}