{"overall_ppl":6.599761009216309,"latency":0.031077861785888672,"_timestamp":1.730626983451211e+09,"nll":0.03007424995303154,"ppl":1.0305310487747192,"_wandb":{"runtime":261},"cuda_vram_allocated":12.684667110443115,"_step":8191,"_runtime":261.207787457}