{"_timestamp":1.7306421235733824e+09,"nll":0.03007424995303154,"latency":0.030941009521484375,"_runtime":256.140204387,"_step":8191,"_wandb":{"runtime":256},"ppl":1.0305310487747192,"overall_ppl":6.599761009216309,"cuda_vram_allocated":12.684667110443115}