{"cuda_vram_allocated":13.060325622558594,"latency":0.04906129837036133,"overall_ppl":5.913721561431885,"_timestamp":1.7306921318634484e+09,"_step":8191,"ppl":1.036030650138855,"nll":0.03539672866463661,"_runtime":385.523266997,"_wandb":{"runtime":385}}