{"_step":8191,"overall_ppl":6.599761009216309,"nll":0.03007424995303154,"cuda_vram_allocated":12.684667110443115,"_wandb":{"runtime":283},"latency":0.031378984451293945,"_timestamp":1.7306423218019664e+09,"ppl":1.0305310487747192,"_runtime":283.789123472}