{"ppl":1.2468920946121216,"cuda_vram_allocated":12.68444013595581,"_step":254,"overall_ppl":7.074392318725586,"_timestamp":1.7306398522850237e+09,"_wandb":{"runtime":8},"nll":0.22065412998199463,"latency":0.024642229080200195,"_runtime":8.41560866}