{"_timestamp":1.7306414798333576e+09,"overall_ppl":7.265801429748535,"ppl":325.54681396484375,"_runtime":6.269623312,"latency":0.024195194244384766,"cuda_vram_allocated":12.636446475982666,"_wandb":{"runtime":6},"nll":5.785506248474121,"_step":148}