{"overall_ppl":7.074392318725586,"ppl":1.2468920946121216,"cuda_vram_allocated":12.68444013595581,"_timestamp":1.7306395901321583e+09,"_wandb":{"runtime":8},"latency":0.02383112907409668,"_runtime":8.706608598,"_step":254,"nll":0.22065412998199463}