{"ppl":1.0374886989593506,"cuda_vram_allocated":12.684744358062744,"_wandb":{"runtime":116},"_timestamp":1.7306902462908192e+09,"latency":0.04761171340942383,"_step":2604,"nll":0.03680308163166046,"overall_ppl":6.6129045486450195,"_runtime":116.583799088}