{"_timestamp":1.7306273171021264e+09,"_step":106,"latency":0.3098335266113281,"_wandb":{"runtime":39},"overall_ppl":8.721327781677246,"ppl":1.036635160446167,"cuda_vram_allocated":10.482656002044678,"_runtime":39.341105918,"nll":0.035980045795440674}