{"ppl":NaN,"latency":0.04617881774902344,"overall_ppl":NaN,"_runtime":211.512899007,"_step":4721,"nll":NaN,"cuda_vram_allocated":12.809988975524902,"_timestamp":1.7306406046698647e+09,"_wandb":{"runtime":211}}