{"cuda_vram_allocated":12.721616268157959,"latency":0.023782014846801758,"overall_ppl":5.880762577056885,"_runtime":10.621033171,"_step":331,"nll":5.016510009765625,"ppl":150.88380432128906,"_wandb":{"runtime":10},"_timestamp":1.730688337180444e+09}