{"latency":0.657944917678833,"overall_ppl":20.62699317932129,"_wandb":{"runtime":18},"_step":20,"ppl":27.500993728637695,"_runtime":18.468976756,"nll":3.3142220973968506,"cuda_vram_allocated":7.424875736236572,"_timestamp":1.730626886834795e+09}