{"nll":9.7508447652217e-05,"_step":143,"ppl":1.0000975131988525,"latency":0.024601221084594727,"overall_ppl":6.930624485015869,"_runtime":6.22782876,"cuda_vram_allocated":12.635436534881592,"_timestamp":1.7306894986906753e+09,"_wandb":{"runtime":6}}