{"latency":0.0431065559387207,"_step":8191,"ppl":NaN,"_timestamp":1.730695230853723e+09,"nll":NaN,"_wandb":{"runtime":299},"_runtime":299.874306135,"overall_ppl":NaN,"cuda_vram_allocated":16.559348583221436}