{"nll":0.32590219378471375,"cuda_vram_allocated":10.450886249542236,"_timestamp":1.73064026202025e+09,"_wandb":{"runtime":17},"ppl":1.385279893875122,"latency":0.3283958435058594,"_runtime":16.933273744,"overall_ppl":11.443288803100586,"_step":41}