{"ppl":4.878802299499512,"overall_ppl":7.064131736755371,"latency":0.03651857376098633,"_timestamp":1.7306397698706264e+09,"nll":1.5848997831344604,"_step":255,"cuda_vram_allocated":12.684622287750244,"_wandb":{"runtime":8},"_runtime":8.486881049}