{"overall_ppl":5.913721561431885,"_step":8191,"latency":0.0332639217376709,"_runtime":274.190027607,"_wandb":{"runtime":274},"_timestamp":1.7306882691500723e+09,"ppl":1.036030650138855,"cuda_vram_allocated":13.060323238372803,"nll":0.03539672866463661}