{"_step":8191,"overall_ppl":5.913721561431885,"latency":0.03284120559692383,"_wandb":{"runtime":275},"_runtime":275.705651283,"_timestamp":1.7306924336128693e+09,"nll":0.03539672866463661,"ppl":1.036030650138855,"cuda_vram_allocated":13.060323238372803}